"id","title","read_count"
"38","a","0"
"37","a","0"
"36","a","0"
"35","a","0"
"34","a","0"
"33","a","0"
"32","a","0"
"31","a","0"
"30","a","0"
"29","a","0"
"28","a","0"
"27","a","0"
"26","a","0"
"25","a","0"
"24","a","0"
"23","a","0"
"22","a","0"
"21","a","0"
"20","a","0"
"19","a","0"
"18","a","0"
"17","a","0"
"16","1","0"
"15","1","0"
"14","1","0"
"13","1","0"
"12","1","0"
"11","a","0"
"10","1","0"
"9","1","0"
"8","a","0"
"7","a","0"
"6","123dasdasdsa","0"
"5","dsa","0"
"4","fsadf","0"
"3","fsadf","0"
"2","fsadf","0"
"1","fsadf","5"
